{"accuracy": 0.9917528448052189, "precision": 0.9905567506471725, "recall": 0.9932002632156175, "f1-score": 0.9918767455869736, "loss": 0.05404640287494359}