epoch,train_loss,dev_loss,learning_rate
1,0.44752277188704487,0.0,1.6948939591918787e-05
2,0.36885628902251816,0.0,1.355915167353503e-05
3,0.2991590823136181,0.0,1.0169363755151272e-05
4,0.19136595567910347,0.0,6.779575836767515e-06
5,0.10005431682155398,0.0,3.3897879183837573e-06
6,0.05404640287494359,0.0,0.0
