{"accuracy": 0.9957559583379666, "precision": 0.9939541829041775, "recall": 0.9976968633472253, "f1-score": 0.9958220065315356, "loss": 0.024933367029828922}