{"accuracy": 0.9784260931801916, "precision": 0.9780997529545303, "recall": 0.9796041192991841, "f1-score": 0.9788513581236844, "loss": 0.07127130107008095}