epoch,train_loss,dev_loss,learning_rate
1,0.3029805111563236,0.0,1.694889704034973e-05
2,0.1873770331772828,0.0,1.3559117632279785e-05
3,0.1142742776115481,0.0,1.016933822420984e-05
4,0.06614361665741199,0.0,6.7795588161398925e-06
5,0.03914592797150963,0.0,3.3897794080699463e-06
6,0.024933367029828922,0.0,0.0
