epoch,train_loss,dev_loss,learning_rate
1,0.30790980139224305,0.0,1.694889704034973e-05
2,0.2001289165565115,0.0,1.3559117632279785e-05
3,0.12133825382784413,0.0,1.016933822420984e-05
4,0.06112719554821152,0.0,6.7795588161398925e-06
5,0.028170891493154417,0.0,3.3897794080699463e-06
6,0.011186227220859496,0.0,0.0
