{"accuracy": 0.9976277845731866, "precision": 0.9973693825356229, "recall": 0.9979527674197558, "f1-score": 0.9976609896937358, "loss": 0.011186227220859496}