epoch,train_loss,dev_loss,learning_rate
1,0.3256730800590448,0.24867096344899872,2e-05
2,0.2118715313360544,0.24576501898548525,2e-05
3,0.14317603178814772,0.26765612896491325,2e-05
4,0.09397605172813114,0.3415113973947566,2e-05
