epoch,train_loss,dev_loss,learning_rate
1,0.3299836546236753,0.2207935731858015,2e-05
2,0.19808322702000059,0.21939360334173494,2e-05
3,0.11318983808250029,0.2573633893372734,2e-05
4,0.07036556147538423,0.34512606817398866,2e-05
