{"accuracy": 0.9281090289608177, "precision": 0.9214002642007926, "recall": 0.9381304640215198, "f1-score": 0.9296901032989003, "loss": 0.4784993940445072}