epoch,train_loss,dev_loss,learning_rate
1,0.328204070013768,0.0,2e-05
2,0.19520775946984503,0.0,2e-05
3,0.11362758199869673,0.0,2e-05
4,0.07127130107008095,0.0,2e-05
