epoch,train_loss,dev_loss,learning_rate
1,0.3331058247253912,0.21793095714858043,2e-05
2,0.19930571449704054,0.22924317496464305,2e-05
3,0.11569021874193111,0.2758601527792685,2e-05
4,0.07126044702181168,0.35811473383396136,2e-05
