{"accuracy": 0.9100511073253833, "precision": 0.8853182104599874, "recall": 0.9448554135843981, "f1-score": 0.9141184124918673, "loss": 0.393827615538612}