{"accuracy": 0.9260647359454856, "precision": 0.9516358463726885, "recall": 0.8997982515131137, "f1-score": 0.9249913584514344, "loss": 0.26765612896491325}