{"accuracy": 0.919931856899489, "precision": 0.922972972972973, "recall": 0.9186281102891728, "f1-score": 0.9207954162453656, "loss": 0.2758601527792685}