{"accuracy": 0.927427597955707, "precision": 0.9224137931034483, "recall": 0.9354404841963685, "f1-score": 0.928881469115192, "loss": 0.3306384521951575}