epoch,train_loss,dev_loss,learning_rate
1,0.2784560060491932,0.0,1e-05
2,0.1809203759083395,0.0,1e-05
3,0.11500371452171415,0.0,1e-05
4,0.07336794357023636,0.0,1e-05
