{"accuracy": 0.7754684838160136, "precision": 0.7277227722772277, "recall": 0.8897108271687962, "f1-score": 0.8006051437216338, "loss": 0.4882894184278405}