{"accuracy": 0.9833944920123059, "precision": 0.983339422725612, "recall": 0.9839146011552241, "f1-score": 0.9836269278561509, "loss": 0.07336794357023636}