epoch,train_loss,dev_loss,learning_rate
1,0.3333934596345081,0.2047131779887106,2e-05
2,0.20020506361422757,0.2426608438887026,2e-05
3,0.11809682013516565,0.32371327756782586,2e-05
4,0.05480354733546106,0.3306384521951575,1e-05
