epoch,train_loss,dev_loss,learning_rate
1,0.30984857518454295,0.2845813957904529,2e-05
2,0.1808576038640173,0.37139238293088556,2e-05
3,0.10393783499009798,0.40483685468816155,2e-05
4,0.0744558710327084,0.4784993940445072,2e-05
