epoch,train_loss,dev_loss,learning_rate
1,0.3365671512046175,0.30796444683295227,2e-05
2,0.1989220925099408,0.22539529386583879,2e-05
3,0.10591707624408775,0.3166842489634924,2e-05
4,0.06094968918143387,0.393827615538612,2e-05
