{"accuracy": 0.9240204429301533, "precision": 0.9311050477489768, "recall": 0.917955615332885, "f1-score": 0.924483576024382, "loss": 0.2573633893372734}