{"accuracy": 0.9346332090682932, "precision": 0.9463516226198475, "recall": 0.9283444513942142, "f1-score": 0.9356169027922971}