{"accuracy": 0.8349737611902514, "precision": 0.8293807382410676, "recall": 0.8984603268764324, "f1-score": 0.8551375523245804}