{"accuracy": 0.5499828451757952, "precision": 0.5460069496820811, "recall": 0.960250494396836, "f1-score": 0.6881617941403174}