{"accuracy": 0.923755513547574, "precision": 0.9249561146869514, "recall": 0.9246179717774365, "f1-score": 0.9247870123222055, "loss": 0.197047879645751}