{"accuracy": 0.9545033554786798, "precision": 0.9595667198578253, "recall": 0.95029139239163, "f1-score": 0.9547419247368711}