epoch,train_loss,dev_loss,learning_rate
1,0.3995495967884764,0.0,0.0001
2,0.2721517480097676,0.0,0.0001
3,0.2354466026887227,0.0,0.0001
4,0.21054326059623352,0.0,0.0001
5,0.197047879645751,0.0,0.0001
