{"accuracy": 0.9700322473034583, "precision": 0.9709078932923483, "recall": 0.9699495503399869, "f1-score": 0.9704284852142426, "loss": 0.08215415862419806}