{"accuracy": 0.973215418363567, "precision": 0.9685571913101491, "recall": 0.9803740550213782, "f1-score": 0.9742467772425905}