fold,epoch,train_loss,dev_loss
1,1,0.6909322142601013,0.7100471258163452
2,1,0.7147966027259827,0.6909475922584534
