{"accuracy": 0.9703862139122013, "precision": 0.973213219796244, "recall": 0.9677683113638468, "f1-score": 0.970459440592589}