{"accuracy": 0.880167605550388, "precision": 0.8760640560863011, "recall": 0.8912255250820401, "f1-score": 0.8834248507509178}