{"accuracy": 0.971204174984236, "precision": 0.9705528946153017, "recall": 0.9736485771209324, "f1-score": 0.9719366544063798}