{"accuracy": 0.9840535970801122, "precision": 0.9814239820808673, "recall": 0.9886074021035297, "f1-score": 0.9848290713917256}