{"accuracy": 0.95889974160909, "precision": 0.9574069675629076, "recall": 0.9623880825599628, "f1-score": 0.9598234726960388}