epoch,train_loss,dev_loss,learning_rate
1,0.33834616589178973,0.0,0.001
2,0.23429252126064345,0.0,0.001
3,0.20132693918466002,0.0,0.001
4,0.17818123109250272,0.0,0.001
5,0.1538277367456547,0.0,0.001
6,0.13960869839829856,0.0,0.001
7,0.12095290326217623,0.0,0.001
8,0.1055161309609481,0.0,0.001
9,0.09369781197565144,0.0,0.001
10,0.08215415862419806,0.0,0.001
