{"accuracy": 0.6417312388736183, "precision": 0.6416634914950589, "recall": 0.6728516902545676, "f1-score": 0.6568183631328951}