{"accuracy": 0.8821124361158432, "precision": 0.8790697674418605, "recall": 0.8897108271687962, "f1-score": 0.8843582887700535, "loss": 0.3239963948726654}