{"accuracy": 0.7765614094984608, "precision": 0.76442236103234, "recall": 0.8121348186585811, "f1-score": 0.787267947099156}