{"accuracy": 0.9334743807257683, "precision": 0.9396781772486911, "recall": 0.9291538815146074, "f1-score": 0.9342554837808595}