{"accuracy": 0.44, "precision": 0.4722222222222222, "recall": 0.5240683229813664, "f1-score": 0.4256965944272446}