epoch,train_loss,dev_loss,learning_rate
1,0.608607871314654,0.45922574400901794,0.0001
2,0.3334109174230924,0.3146488641699155,0.0001
3,0.2162834735443959,0.30352869008978206,0.0001
4,0.15592009466714585,0.3239963948726654,0.0001
5,0.11393998706570038,0.34334686150153476,0.0001
