{"accuracy": 0.8807811373208893, "precision": 0.8764553363773402, "recall": 0.8917694121641118, "f1-score": 0.8839980257729918}