{"accuracy": 0.8368868659631717, "precision": 0.8205575163306497, "recall": 0.8725027961400456, "f1-score": 0.8450688629073635}