{"accuracy": 0.5068674147543516, "precision": 0.5097217455833521, "recall": 0.8428837884644927, "f1-score": 0.6351230488440561}