{"accuracy": 0.48600950165448886, "precision": 0.49202313037769413, "recall": 0.5736345442732929, "f1-score": 0.5046055618205605}