{"accuracy": 0.4929956022010043, "precision": 0.5024033639396038, "recall": 0.6442686062885306, "f1-score": 0.5644262844517081}