epoch,train_loss,dev_loss,learning_rate
1,0.2891030059350125,0.0,1.694889704034973e-05
2,0.20888321193085865,0.0,1.3559117632279785e-05
3,0.15628018140615582,0.0,1.016933822420984e-05
4,0.10250943074825121,0.0,6.7795588161398925e-06
5,0.057286957880044995,0.0,3.3897794080699463e-06
6,0.0343900871478099,0.0,0.0
