{"accuracy": 0.974962007487305, "precision": 0.9742476746306766, "recall": 0.9764202676025444, "f1-score": 0.9753327612335446, "loss": 0.11130470510338467}