{"accuracy": 0.9939767967678564, "precision": 0.9936442999598203, "recall": 0.99447978357827, "f1-score": 0.9940618662184137, "loss": 0.0343900871478099}