epoch,train_loss,dev_loss,learning_rate
1,0.2871147985959449,0.0,1.694889704034973e-05
2,0.2045166281961133,0.0,1.3559117632279785e-05
3,0.14853609388744488,0.0,1.016933822420984e-05
4,0.08877874796056402,0.0,6.7795588161398925e-06
5,0.04817073936737196,0.0,3.3897794080699463e-06
6,0.023113331882773414,0.0,0.0
