epoch,train_loss,dev_loss,learning_rate
1,0.26453698070218973,0.0,1e-05
2,0.19374271679448454,0.0,1e-05
3,0.15180093700665645,0.0,1e-05
4,0.11130470510338467,0.0,1e-05
