{"accuracy": 0.9959227547351643, "precision": 0.9954714776130305, "recall": 0.9964904584338671, "f1-score": 0.9959807073954984, "loss": 0.023113331882773414}