epoch,train_loss,dev_loss,learning_rate
1,0.35052963234393997,0.24586589982652146,2e-05
2,0.2221830091105163,0.3209199053235352,2e-05
3,0.15220754698863745,0.3404682481094547,2e-05
4,0.1025977252727317,0.4596689085010439,2e-05
