epoch,train_loss,dev_loss,learning_rate
1,0.37132435497663213,0.25883353602789017,2e-05
2,0.24297330812630008,0.2469880319726856,2e-05
3,0.16351062742870337,0.3052116981808744,2e-05
4,0.10869272121061406,0.4487716377834263,2e-05
