{"accuracy": 0.993532006375329, "precision": 0.9933501406701012, "recall": 0.9938948599839146, "f1-score": 0.9936224256711073, "loss": 0.04125069119303504}