{"accuracy": 0.9008517887563884, "precision": 0.8789607097591888, "recall": 0.9327505043712172, "f1-score": 0.9050570962479608, "loss": 0.3052116981808744}