epoch,train_loss,dev_loss,learning_rate
1,0.38384929379007143,0.0,1.6948939591918787e-05
2,0.2861039933588375,0.0,1.355915167353503e-05
3,0.19923954112349965,0.0,1.0169363755151272e-05
4,0.13131161412705972,0.0,6.779575836767515e-06
5,0.07338347785493975,0.0,3.3897879183837573e-06
6,0.04125069119303504,0.0,0.0
