{"accuracy": 0.9807628155231847, "precision": 0.9794490599038042, "recall": 0.9826716385172187, "f1-score": 0.98105770283587, "loss": 0.10072721320839069}