epoch,train_loss,dev_loss,learning_rate
1,0.36396121959070127,0.0,1.6948939591918787e-05
2,0.2952629497663268,0.0,1.355915167353503e-05
3,0.23039575934660703,0.0,1.0169363755151272e-05
4,0.1742222795101729,0.0,6.779575836767515e-06
5,0.1355169349647244,0.0,3.3897879183837573e-06
6,0.10072721320839069,0.0,0.0
