{"accuracy": 0.899488926746167, "precision": 0.9016172506738545, "recall": 0.8997982515131137, "f1-score": 0.9007068327162573, "loss": 0.3209199053235352}